{"cameraMode":{"drawMode":0,"name":"Shaded","section":"Shading Mode"},"sceneLighting":true,"audioPlay":false,"sceneViewState":{"showFog":true,"showMaterialUpdate":false,"showSkybox":true,"showFlares":true,"showImageEffects":true,"showParticleSystems":true},"in2DMode":false,"pivot":{"x":-2.1519453525543215,"y":-39.438232421875,"z":-3.4086761474609377},"rotation":{"x":0.518637478351593,"y":0.04228585585951805,"z":-0.025693612173199655,"w":0.8535624146461487},"size":82.38298797607422,"orthographic":false}